J	cm-1	source	label
0	0.	NIST ASD	3P
1	16.4167130	NIST ASD	3P
2	43.4134567	NIST ASD	3P
2	10192.657	NIST ASD	1D
